#Organism Name,Organism Groups,Size(Mb),Chromosomes,Organelles,Plasmids,Assemblies
Ambystoma mexicanum,Eukaryota;Animals;Amphibians,32396.4,20,0,0,2
Nanorana parkeri,Eukaryota;Animals;Amphibians,2053.87,0,1,0,1
Rana catesbeiana,Eukaryota;Animals;Amphibians,6250.35,0,1,0,1
Rhinella marina,Eukaryota;Animals;Amphibians,2551.76,0,0,0,1
Xenopus laevis,Eukaryota;Animals;Amphibians,2718.43,18,1,0,1
Xenopus tropicalis,Eukaryota;Animals;Amphibians,1440.4,10,1,0,1
Acanthisitta chloris,Eukaryota;Animals;Birds,1035.88,0,0,0,1
Acridotheres javanicus,Eukaryota;Animals;Birds,1051.58,0,0,0,1
Agapornis roseicollis,Eukaryota;Animals;Birds,1121.79,0,0,0,1
Amazona aestiva,Eukaryota;Animals;Birds,1129.54,0,0,0,1
Amazona vittata,Eukaryota;Animals;Birds,1175.4,0,0,0,1
Anas platyrhynchos,Eukaryota;Animals;Birds,1126.18,30,1,0,4
Anas zonorhyncha,Eukaryota;Animals;Birds,1310.8,0,0,0,1
Anser brachyrhynchus,Eukaryota;Animals;Birds,1116.99,0,0,0,1
Anser cygnoides,Eukaryota;Animals;Birds,1119.15,0,1,0,2
Antrostomus carolinensis,Eukaryota;Animals;Birds,1119.68,0,0,0,1
Apaloderma vittatum,Eukaryota;Animals;Birds,1070.84,0,0,0,1
Aptenodytes forsteri,Eukaryota;Animals;Birds,1254.35,0,0,0,1
Apteryx australis,Eukaryota;Animals;Birds,1523.97,0,0,0,1
Apteryx haastii,Eukaryota;Animals;Birds,1221.44,0,0,0,1
Apteryx owenii,Eukaryota;Animals;Birds,1231.28,0,0,0,1
Apteryx rowi,Eukaryota;Animals;Birds,1228.9,0,0,0,1
Aquila chrysaetos,Eukaryota;Animals;Birds,1192.74,0,1,0,3
Ara macao,Eukaryota;Animals;Birds,1204.7,0,1,0,2
Athene cunicularia,Eukaryota;Animals;Birds,1157.07,0,0,0,1
Balearica regulorum,Eukaryota;Animals;Birds,1127.62,0,1,0,1
Bambusicola thoracicus,Eukaryota;Animals;Birds,1032.3,0,0,0,1
Buceros rhinoceros,Eukaryota;Animals;Birds,1065.78,0,0,0,1
Calidris pugnax,Eukaryota;Animals;Birds,1229.09,0,0,0,2
Calidris pygmaea,Eukaryota;Animals;Birds,1178.37,0,0,0,1
Callipepla squamata,Eukaryota;Animals;Birds,1045.28,0,0,0,1
Calypte anna,Eukaryota;Animals;Birds,1105.68,0,0,0,4
Cariama cristata,Eukaryota;Animals;Birds,1132.25,0,0,0,1
Casuarius casuarius,Eukaryota;Animals;Birds,1209,0,0,0,1
Cathartes aura,Eukaryota;Animals;Birds,1152.57,0,0,0,1
Chaetura pelagica,Eukaryota;Animals;Birds,1119.19,0,0,0,1
Charadrius vociferus,Eukaryota;Animals;Birds,1219.86,0,0,0,1
Chlamydotis macqueenii,Eukaryota;Animals;Birds,1086.57,0,0,0,1
Chlamydotis undulata,Eukaryota;Animals;Birds,1307.64,0,0,0,1
Chrysolophus pictus,Eukaryota;Animals;Birds,1023.99,0,0,0,1
Cicinnurus regius,Eukaryota;Animals;Birds,1059.54,0,0,0,1
Ciconia boyciana,Eukaryota;Animals;Birds,1364.95,0,0,0,1
Colinus virginianus,Eukaryota;Animals;Birds,1254.15,0,0,0,2
Colius striatus,Eukaryota;Animals;Birds,1075.93,0,0,0,1
Columba livia,Eukaryota;Animals;Birds,1107.99,29,0,0,2
Corvus brachyrhynchos,Eukaryota;Animals;Birds,1091.31,0,0,0,1
Corvus cornix,Eukaryota;Animals;Birds,1042.28,0,0,0,2
Corvus hawaiiensis,Eukaryota;Animals;Birds,1497.61,0,0,0,1
Coturnix japonica,Eukaryota;Animals;Birds,927.657,32,1,0,2
Crypturellus cinnamomeus,Eukaryota;Animals;Birds,1122.05,0,0,0,1
Cuculus canorus,Eukaryota;Animals;Birds,1153.89,0,0,0,1
Cyanistes caeruleus,Eukaryota;Animals;Birds,1186.98,0,0,0,1
Diphyllodes magnificus,Eukaryota;Animals;Birds,1065.98,0,0,0,1
Dromaius novaehollandiae,Eukaryota;Animals;Birds,1192.25,0,1,0,1
Egretta garzetta,Eukaryota;Animals;Birds,1206.5,0,1,0,1
Empidonax traillii,Eukaryota;Animals;Birds,1123.49,0,0,0,1
Eopsaltria australis,Eukaryota;Animals;Birds,1228.34,0,0,0,1
Erythrura gouldiae,Eukaryota;Animals;Birds,1070.79,0,0,0,1
Eudromia elegans,Eukaryota;Animals;Birds,955.515,0,0,0,1
Eurypyga helias,Eukaryota;Animals;Birds,1088.02,0,0,0,1
Falco cherrug,Eukaryota;Animals;Birds,1174.81,0,0,0,1
Falco peregrinus,Eukaryota;Animals;Birds,1171.97,0,1,0,2
Ficedula albicollis,Eukaryota;Animals;Birds,1118.34,33,1,0,2
Fulmarus glacialis,Eukaryota;Animals;Birds,1141.4,0,0,0,1
Gallirallus okinawae,Eukaryota;Animals;Birds,1114.53,0,0,0,1
Gallus gallus,Eukaryota;Animals;Birds,1065.37,34,1,0,2
Gavia stellata,Eukaryota;Animals;Birds,1129.69,0,1,0,1
Geospiza fortis,Eukaryota;Animals;Birds,1065.29,0,0,0,1
Grus japonensis,Eukaryota;Animals;Birds,1265.63,0,0,0,1
Haliaeetus albicilla,Eukaryota;Animals;Birds,1133.55,0,0,0,1
Haliaeetus leucocephalus,Eukaryota;Animals;Birds,1178.41,0,0,0,1
Hemignathus virens,Eukaryota;Animals;Birds,1086.51,0,0,0,1
Himantopus himantopus,Eukaryota;Animals;Birds,1116.81,0,0,0,1
Hirundo rustica,Eukaryota;Animals;Birds,1213.74,0,0,0,1
Junco hyemalis,Eukaryota;Animals;Birds,958.315,0,0,0,1
Lepidothrix coronata,Eukaryota;Animals;Birds,1079.58,0,0,0,1
Leptosomus discolor,Eukaryota;Animals;Birds,1136.24,0,0,0,1
Limosa lapponica,Eukaryota;Animals;Birds,1034.77,0,0,0,1
Lonchura striata,Eukaryota;Animals;Birds,1060.17,0,1,0,1
Lyrurus tetrix,Eukaryota;Animals;Birds,657.025,0,0,0,1
Manacus vitellinus,Eukaryota;Animals;Birds,1213.15,0,0,0,2
Meleagris gallopavo,Eukaryota;Animals;Birds,1128.34,32,1,0,1
Melopsittacus undulatus,Eukaryota;Animals;Birds,1117.37,0,1,0,1
Merops nubicus,Eukaryota;Animals;Birds,1062.96,0,0,0,1
Mesitornis unicolor,Eukaryota;Animals;Birds,1087.29,0,0,0,1
Mixornis gularis,Eukaryota;Animals;Birds,1036.1,0,0,0,1
Nannopterum auritus,Eukaryota;Animals;Birds,1246.05,0,0,0,1
Nannopterum brasilianus,Eukaryota;Animals;Birds,1346.19,0,0,0,1
Nannopterum harrisi,Eukaryota;Animals;Birds,1202.99,0,0,0,1
Nestor notabilis,Eukaryota;Animals;Birds,1053.56,0,0,0,1
Nipponia nippon,Eukaryota;Animals;Birds,1223.86,0,1,0,1
Nothoprocta perdicaria,Eukaryota;Animals;Birds,965.904,0,0,0,1
Numida meleagris,Eukaryota;Animals;Birds,1043.26,31,1,0,1
Opisthocomus hoazin,Eukaryota;Animals;Birds,1203.71,0,0,0,1
Paradisaea raggiana,Eukaryota;Animals;Birds,1037.51,0,0,0,1
Paradisaea rubra,Eukaryota;Animals;Birds,1071.26,0,0,0,1
Parotia lawesii,Eukaryota;Animals;Birds,1056.92,0,0,0,1
Parus major,Eukaryota;Animals;Birds,1020.31,32,1,0,1
Passer domesticus,Eukaryota;Animals;Birds,1042.72,30,1,0,1
Patagioenas fasciata,Eukaryota;Animals;Birds,1089.15,0,0,0,1
Pelecanus crispus,Eukaryota;Animals;Birds,1160.92,0,0,0,1
Phaethon lepturus,Eukaryota;Animals;Birds,1152.96,0,0,0,1
Phalacrocorax carbo,Eukaryota;Animals;Birds,1138.97,0,0,0,1
Phoenicopterus ruber,Eukaryota;Animals;Birds,1132.18,0,0,0,1
Phylloscopus plumbeitarsus,Eukaryota;Animals;Birds,997.399,0,0,0,1
Phylloscopus trochiloides,Eukaryota;Animals;Birds,1003.33,0,0,0,2
Phylloscopus trochilus,Eukaryota;Animals;Birds,1066.52,0,0,0,1
Picoides pubescens,Eukaryota;Animals;Birds,1167.32,0,0,0,1
Podiceps cristatus,Eukaryota;Animals;Birds,1134.92,0,0,0,1
Pseudopodoces humilis,Eukaryota;Animals;Birds,1043,0,1,0,1
Psittacula krameri,Eukaryota;Animals;Birds,1417.81,0,0,0,1
Pterocles gutturalis,Eukaryota;Animals;Birds,1069.32,0,0,0,1
Pterocnemia pennata,Eukaryota;Animals;Birds,1168.29,0,0,0,1
Pygoscelis adeliae,Eukaryota;Animals;Birds,1216.62,0,1,0,3
Pygoscelis antarcticus,Eukaryota;Animals;Birds,1209.83,0,0,0,2
Pygoscelis papua,Eukaryota;Animals;Birds,1209.91,0,0,0,2
Rhea americana,Eukaryota;Animals;Birds,1160.84,0,0,0,1
Saxicola maurus,Eukaryota;Animals;Birds,1020.37,0,0,0,1
Serinus canaria,Eukaryota;Animals;Birds,1152.1,0,0,0,1
Setophaga coronata,Eukaryota;Animals;Birds,1171.93,0,0,0,1
Spheniscus humboldti,Eukaryota;Animals;Birds,1209.86,0,0,0,2
Spheniscus magellanicus,Eukaryota;Animals;Birds,1209.86,0,0,0,3
Spheniscus mendiculus,Eukaryota;Animals;Birds,1209.85,0,0,0,1
Sporophila hypoxantha,Eukaryota;Animals;Birds,1067.76,0,0,0,1
Strigops habroptila,Eukaryota;Animals;Birds,285.707,0,0,0,1
Strix occidentalis,Eukaryota;Animals;Birds,1255.54,0,0,0,1
Struthio camelus,Eukaryota;Animals;Birds,1225.04,0,1,0,1
Sturnus vulgaris,Eukaryota;Animals;Birds,1036.76,0,0,0,1
Syrmaticus mikado,Eukaryota;Animals;Birds,1066.43,0,0,0,1
Taeniopygia guttata,Eukaryota;Animals;Birds,1232.14,35,1,0,4
Tauraco erythrolophus,Eukaryota;Animals;Birds,1155.54,0,0,0,1
Tinamus guttatus,Eukaryota;Animals;Birds,1047.06,0,0,0,1
Tympanuchus cupido,Eukaryota;Animals;Birds,983.777,0,0,0,1
Tyto alba,Eukaryota;Animals;Birds,1120.14,0,0,0,1
Uria lomvia,Eukaryota;Animals;Birds,1179.36,0,0,0,1
Urile pelagicus,Eukaryota;Animals;Birds,1210.66,0,0,0,1
Zonotrichia albicollis,Eukaryota;Animals;Birds,1052.6,0,0,0,2
Zosterops lateralis,Eukaryota;Animals;Birds,1036,0,0,0,1
Acanthochaenus luetkenii,Eukaryota;Animals;Fishes,545.759,0,0,0,1
Acanthochromis polyacanthus,Eukaryota;Animals;Fishes,991.585,0,0,0,1
Ageneiosus marmoratus,Eukaryota;Animals;Fishes,1030,0,0,0,1
Amphilophus citrinellus,Eukaryota;Animals;Fishes,844.903,0,0,0,1
Amphiprion ocellaris,Eukaryota;Animals;Fishes,880.721,0,1,0,1
Amphiprion percula,Eukaryota;Animals;Fishes,908.956,24,1,0,1
Anabarilius grahami,Eukaryota;Animals;Fishes,991.887,0,0,0,1
Anabas testudineus,Eukaryota;Animals;Fishes,569.722,0,0,0,2
Anguilla anguilla,Eukaryota;Animals;Fishes,1018.7,0,0,0,1
Anguilla japonica,Eukaryota;Animals;Fishes,966.917,0,0,0,4
Anguilla rostrata,Eukaryota;Animals;Fishes,1413.03,0,1,0,1
Anoplopoma fimbria,Eukaryota;Animals;Fishes,699.326,0,0,0,1
Antennarius striatus,Eukaryota;Animals;Fishes,441.857,0,0,0,1
Arapaima gigas,Eukaryota;Animals;Fishes,661.279,0,0,0,1
Arctogadus glacialis,Eukaryota;Animals;Fishes,428.792,0,0,0,1
Astatotilapia calliptera,Eukaryota;Animals;Fishes,880.446,22,1,0,1
Astyanax mexicanus,Eukaryota;Animals;Fishes,1335.24,25,0,0,1
Austrofundulus limnaeus,Eukaryota;Animals;Fishes,866.963,0,0,0,1
Bathygadus melanobranchus,Eukaryota;Animals;Fishes,431.203,0,0,0,1
Benthosema glaciale,Eukaryota;Animals;Fishes,676.314,0,0,0,1
Beryx splendens,Eukaryota;Animals;Fishes,533.268,0,0,0,1
Betta splendens,Eukaryota;Animals;Fishes,456.232,0,0,0,1
Boleophthalmus pectinirostris,Eukaryota;Animals;Fishes,955.752,0,1,0,1
Boreogadus saida,Eukaryota;Animals;Fishes,412.07,0,0,0,1
Borostomias antarcticus,Eukaryota;Animals;Fishes,430.363,0,0,0,1
Bregmaceros cantori,Eukaryota;Animals;Fishes,1144.1,0,0,0,1
Brosme brosme,Eukaryota;Animals;Fishes,412.731,0,0,0,1
Brotula barbata,Eukaryota;Animals;Fishes,485.061,0,0,0,1
Callorhinchus milii,Eukaryota;Animals;Fishes,974.499,0,1,0,1
Carapus acus,Eukaryota;Animals;Fishes,387.834,0,0,0,1
Carassius auratus,Eukaryota;Animals;Fishes,1820.64,59,1,0,1
Chaenocephalus aceratus,Eukaryota;Animals;Fishes,623.452,0,0,0,1
Chatrabus melanurus,Eukaryota;Animals;Fishes,1128.44,0,0,0,1
Chiloscyllium plagiosum,Eukaryota;Animals;Fishes,3776.55,51,0,0,1
Chiloscyllium punctatum,Eukaryota;Animals;Fishes,3375.7,0,0,0,1
Chromis chromis,Eukaryota;Animals;Fishes,834.429,0,0,0,1
Clarias batrachus,Eukaryota;Animals;Fishes,0,0,0,0,0
Clupea harengus,Eukaryota;Animals;Fishes,807.712,0,1,0,2
Coryphaenoides rupestris,Eukaryota;Animals;Fishes,829.209,0,0,0,1
Cottus rhenanus,Eukaryota;Animals;Fishes,563.609,0,0,0,1
Cynoglossus semilaevis,Eukaryota;Animals;Fishes,470.199,22,1,0,1
Cyprinodon nevadensis,Eukaryota;Animals;Fishes,1011.85,0,0,0,1
Cyprinodon variegatus,Eukaryota;Animals;Fishes,1035.18,0,1,0,1
Cyprinus carpio,Eukaryota;Animals;Fishes,1713.66,50,1,0,2
Cyttopsis rosea,Eukaryota;Animals;Fishes,546.506,0,0,0,1
Danio rerio,Eukaryota;Animals;Fishes,1679.2,25,1,0,4
Danionella dracula,Eukaryota;Animals;Fishes,665.208,0,0,0,1
Dicentrarchus labrax,Eukaryota;Animals;Fishes,675.917,0,0,0,2
Electrophorus electricus,Eukaryota;Animals;Fishes,551.881,0,0,0,1
Eptatretus burgeri,Eukaryota;Animals;Fishes,2608.38,0,0,0,1
Esox lucius,Eukaryota;Animals;Fishes,904.497,25,1,0,1
Fundulus heteroclitus,Eukaryota;Animals;Fishes,1021.9,0,1,0,1
Gadiculus argenteus,Eukaryota;Animals;Fishes,396.767,0,0,0,1
Gadus chalcogrammus,Eukaryota;Animals;Fishes,448.868,0,0,0,1
Gadus morhua,Eukaryota;Animals;Fishes,824.311,0,0,0,2
Gambusia affinis,Eukaryota;Animals;Fishes,598.663,0,0,0,1
Gasterosteus aculeatus,Eukaryota;Animals;Fishes,446.611,0,0,0,1
Guentherus altivela,Eukaryota;Animals;Fishes,539.599,0,0,0,1
Haplochromis burtoni,Eukaryota;Animals;Fishes,831.412,0,0,0,1
Helostoma temminkii,Eukaryota;Animals;Fishes,599.808,0,0,0,1
Hippocampus comes,Eukaryota;Animals;Fishes,493.776,0,1,0,1
Holocentrus rufus,Eukaryota;Animals;Fishes,649.757,0,0,0,1
Hucho hucho,Eukaryota;Animals;Fishes,2487.55,0,0,0,1
Hypoplectrus puella,Eukaryota;Animals;Fishes,612.29,0,0,0,1
Ictalurus punctatus,Eukaryota;Animals;Fishes,783.275,29,1,0,2
Kryptolebias marmoratus,Eukaryota;Animals;Fishes,680.367,0,1,0,2
Labeotropheus fuelleborni,Eukaryota;Animals;Fishes,70.8584,0,0,0,1
Labrus bergylta,Eukaryota;Animals;Fishes,805.481,0,0,0,1
Laemonema laureysi,Eukaryota;Animals;Fishes,306.495,0,0,0,1
Lampris guttatus,Eukaryota;Animals;Fishes,849.278,0,0,0,1
Lamprogrammus exutus,Eukaryota;Animals;Fishes,492.85,0,0,0,1
Larimichthys crocea,Eukaryota;Animals;Fishes,657.94,24,1,0,5
Lates calcarifer,Eukaryota;Animals;Fishes,668.481,0,1,0,4
Latimeria chalumnae,Eukaryota;Animals;Fishes,2860.59,0,1,0,2
Lepisosteus oculatus,Eukaryota;Animals;Fishes,945.878,29,1,0,1
Lesueurigobius sanzi,Eukaryota;Animals;Fishes,810.626,0,0,0,1
Lethenteron camtschaticum,Eukaryota;Animals;Fishes,1030.66,0,0,0,1
Leuciscus waleckii,Eukaryota;Animals;Fishes,752.539,0,0,0,1
Leucoraja erinacea,Eukaryota;Animals;Fishes,1555.46,0,1,0,1
Lota lota,Eukaryota;Animals;Fishes,397.499,0,0,0,1
Maccullochella peelii,Eukaryota;Animals;Fishes,633.241,0,0,0,1
Macrourus berglax,Eukaryota;Animals;Fishes,399.876,0,0,0,1
Malacocephalus occidentalis,Eukaryota;Animals;Fishes,350.34,0,0,0,1
Mastacembelus armatus,Eukaryota;Animals;Fishes,593.082,0,1,0,1
Maylandia zebra,Eukaryota;Animals;Fishes,957.485,22,1,0,2
Mchenga conophoros,Eukaryota;Animals;Fishes,73.4256,0,0,0,1
Melanochromis auratus,Eukaryota;Animals;Fishes,68.2386,0,0,0,1
Melanogrammus aeglefinus,Eukaryota;Animals;Fishes,652.791,0,0,0,2
Melanonus zugmayeri,Eukaryota;Animals;Fishes,432.903,0,0,0,1
Merlangius merlangus,Eukaryota;Animals;Fishes,423.942,0,0,0,1
Merluccius capensis,Eukaryota;Animals;Fishes,414.317,0,0,0,1
Merluccius merluccius,Eukaryota;Animals;Fishes,401.035,0,0,0,1
Merluccius polli,Eukaryota;Animals;Fishes,401.149,0,0,0,1
Micropterus floridanus,Eukaryota;Animals;Fishes,1001.52,0,0,0,1
Miichthys miiuy,Eukaryota;Animals;Fishes,619.301,0,0,0,1
Mola mola,Eukaryota;Animals;Fishes,639.452,0,0,0,1
Molva molva,Eukaryota;Animals;Fishes,437.481,0,0,0,1
Monocentris japonicus,Eukaryota;Animals;Fishes,556.024,0,0,0,1
Monopterus albus,Eukaryota;Animals;Fishes,684.144,0,1,0,1
Mora moro,Eukaryota;Animals;Fishes,344.961,0,0,0,1
Morone chrysops,Eukaryota;Animals;Fishes,620.984,0,0,0,1
Morone saxatilis,Eukaryota;Animals;Fishes,585.167,0,0,0,1
Muraenolepis marmoratus,Eukaryota;Animals;Fishes,416.391,0,0,0,1
Myoxocephalus scorpius,Eukaryota;Animals;Fishes,520.316,0,0,0,1
Myripristis jacobus,Eukaryota;Animals;Fishes,720.397,0,0,0,1
Neolamprologus brichardi,Eukaryota;Animals;Fishes,847.91,0,1,0,1
Neoniphon sammara,Eukaryota;Animals;Fishes,659.226,0,0,0,1
Nibea albiflora,Eukaryota;Animals;Fishes,0,0,0,0,0
Nothobranchius furzeri,Eukaryota;Animals;Fishes,1242.52,19,1,0,4
Nothobranchius kuhntae,Eukaryota;Animals;Fishes,5.23461,0,0,0,1
Notothenia coriiceps,Eukaryota;Animals;Fishes,636.614,0,1,0,1
Oncorhynchus kisutch,Eukaryota;Animals;Fishes,2369.93,30,1,0,1
Oncorhynchus mykiss,Eukaryota;Animals;Fishes,2179,29,1,0,2
Oncorhynchus tshawytscha,Eukaryota;Animals;Fishes,2425.71,34,1,0,2
Oplegnathus fasciatus,Eukaryota;Animals;Fishes,766.301,0,0,0,1
Oreochromis niloticus,Eukaryota;Animals;Fishes,1005.68,22,1,0,2
Oryzias javanicus,Eukaryota;Animals;Fishes,809.68,24,0,0,1
Oryzias latipes,Eukaryota;Animals;Fishes,734.057,24,1,0,5
Oryzias melastigma,Eukaryota;Animals;Fishes,779.47,0,1,0,1
Osmerus eperlanus,Eukaryota;Animals;Fishes,342.759,0,0,0,1
Oxygymnocypris stewartii,Eukaryota;Animals;Fishes,1849.22,0,0,0,1
Pagrus major,Eukaryota;Animals;Fishes,875.465,0,0,0,1
Pampus argenteus,Eukaryota;Animals;Fishes,350.449,0,0,0,1
Pangasianodon hypophthalmus,Eukaryota;Animals;Fishes,715.76,0,1,0,1
Parablennius parvicornis,Eukaryota;Animals;Fishes,599.249,0,0,0,1
Paralichthys olivaceus,Eukaryota;Animals;Fishes,643.911,0,1,0,2
Paramormyrops kingsleyae,Eukaryota;Animals;Fishes,799.421,0,0,0,1
Parasudis fraserbrunneri,Eukaryota;Animals;Fishes,707.987,0,0,0,1
Perca fluviatilis,Eukaryota;Animals;Fishes,958.225,0,1,0,2
Percopsis transmontana,Eukaryota;Animals;Fishes,458.089,0,0,0,1
Periophthalmodon schlosseri,Eukaryota;Animals;Fishes,679.761,0,0,0,1
Periophthalmus magnuspinnatus,Eukaryota;Animals;Fishes,701.697,0,0,0,1
Petromyzon marinus,Eukaryota;Animals;Fishes,1130.42,0,0,0,2
Phycis blennoides,Eukaryota;Animals;Fishes,416.767,0,0,0,1
Phycis phycis,Eukaryota;Animals;Fishes,346.335,0,0,0,1
Pimephales promelas,Eukaryota;Animals;Fishes,1219.33,0,0,0,2
Poecilia formosa,Eukaryota;Animals;Fishes,748.923,0,0,0,1
Poecilia latipinna,Eukaryota;Animals;Fishes,815.145,0,0,0,1
Poecilia mexicana,Eukaryota;Animals;Fishes,801.711,0,0,0,1
Poecilia reticulata,Eukaryota;Animals;Fishes,731.622,23,1,0,1
Pollachius virens,Eukaryota;Animals;Fishes,394.928,0,0,0,1
Polymixia japonica,Eukaryota;Animals;Fishes,554.896,0,0,0,1
Pseudochromis fuscus,Eukaryota;Animals;Fishes,657.041,0,0,0,1
Pseudopleuronectes yokohamae,Eukaryota;Animals;Fishes,547.831,0,0,0,1
Pundamilia nyererei,Eukaryota;Animals;Fishes,830.133,0,0,0,1
Pungitius pungitius,Eukaryota;Animals;Fishes,441.09,0,0,0,1
Pygocentrus nattereri,Eukaryota;Animals;Fishes,1285.35,0,1,0,1
Regalecus glesne,Eukaryota;Animals;Fishes,656.004,0,0,0,1
Rhamphochromis esox,Eukaryota;Animals;Fishes,71.2951,0,0,0,1
Rhincodon typus,Eukaryota;Animals;Fishes,2931.6,0,1,0,1
Rondeletia loricata,Eukaryota;Animals;Fishes,568.598,0,0,0,1
Salmo salar,Eukaryota;Animals;Fishes,2966.89,29,1,0,1
Salvelinus alpinus,Eukaryota;Animals;Fishes,2169.55,39,1,0,1
Sardina pilchardus,Eukaryota;Animals;Fishes,949.617,0,0,0,2
Scartelaos histophorus,Eukaryota;Animals;Fishes,695.009,0,0,0,1
Scleropages formosus,Eukaryota;Animals;Fishes,777.359,0,1,0,4
Scophthalmus maximus,Eukaryota;Animals;Fishes,524.979,22,0,0,1
Scyliorhinus torazame,Eukaryota;Animals;Fishes,4470.98,0,0,0,1
Sebastes aleutianus,Eukaryota;Animals;Fishes,899.65,0,0,0,1
Sebastes minor,Eukaryota;Animals;Fishes,681.653,0,0,0,1
Sebastes nigrocinctus,Eukaryota;Animals;Fishes,746.045,0,0,0,1
Sebastes norvegicus,Eukaryota;Animals;Fishes,717.741,0,0,0,1
Sebastes rubrivinctus,Eukaryota;Animals;Fishes,756.297,0,0,0,1
Sebastes steindachneri,Eukaryota;Animals;Fishes,648.011,0,0,0,1
Selene dorsalis,Eukaryota;Animals;Fishes,528.779,0,0,0,1
Seriola dumerili,Eukaryota;Animals;Fishes,677.686,0,1,0,1
Seriola lalandi,Eukaryota;Animals;Fishes,732.51,0,1,0,2
Seriola quinqueradiata,Eukaryota;Animals;Fishes,639.27,0,0,0,3
Seriola rivoliana,Eukaryota;Animals;Fishes,666.142,0,1,0,1
Simochromis diagramma,Eukaryota;Animals;Fishes,848.827,0,0,0,1
Sinocyclocheilus anshuiensis,Eukaryota;Animals;Fishes,1632.72,0,1,0,1
Sinocyclocheilus grahami,Eukaryota;Animals;Fishes,1750.29,0,1,0,1
Sinocyclocheilus rhinocerous,Eukaryota;Animals;Fishes,1655.79,0,1,0,1
Sparus aurata,Eukaryota;Animals;Fishes,830.382,24,0,0,1
Spondyliosoma cantharus,Eukaryota;Animals;Fishes,680.472,0,0,0,1
Squalius pyrenaicus,Eukaryota;Animals;Fishes,48.1393,0,0,0,1
Stegastes partitus,Eukaryota;Animals;Fishes,800.492,0,0,0,1
Stylephorus chordatus,Eukaryota;Animals;Fishes,488.489,0,0,0,1
Symphodus melops,Eukaryota;Animals;Fishes,614.569,0,0,0,2
Tachysurus fulvidraco,Eukaryota;Animals;Fishes,713.811,0,1,0,1
Takifugu flavidus,Eukaryota;Animals;Fishes,366.288,22,0,0,2
Takifugu rubripes,Eukaryota;Animals;Fishes,391.485,22,1,0,1
Tenualosa ilisha,Eukaryota;Animals;Fishes,815.648,0,0,0,1
Tetraodon nigroviridis,Eukaryota;Animals;Fishes,342.403,0,0,0,1
Thunnus albacares,Eukaryota;Animals;Fishes,728.212,0,0,0,1
Thunnus orientalis,Eukaryota;Animals;Fishes,684.497,0,0,0,1
Thunnus thynnus,Eukaryota;Animals;Fishes,648.209,0,0,0,1
Trachinotus ovatus,Eukaryota;Animals;Fishes,648.062,0,0,0,2
Trachyrincus murrayi,Eukaryota;Animals;Fishes,452.417,0,0,0,1
Trachyrincus scabrus,Eukaryota;Animals;Fishes,369.862,0,0,0,1
Trisopterus minutus,Eukaryota;Animals;Fishes,334.717,0,0,0,1
Typhlichthys subterraneus,Eukaryota;Animals;Fishes,555.56,0,0,0,1
Xiphophorus couchianus,Eukaryota;Animals;Fishes,688.525,24,0,0,1
Xiphophorus hellerii,Eukaryota;Animals;Fishes,733.127,24,0,0,2
Xiphophorus maculatus,Eukaryota;Animals;Fishes,704.321,24,1,0,2
Zeus faber,Eukaryota;Animals;Fishes,610.433,0,0,0,1
Clonorchis sinensis,Eukaryota;Animals;Flatworms,562.769,0,0,0,2
Dibothriocephalus latus,Eukaryota;Animals;Flatworms,0,0,0,0,0
Dicrocoelium dendriticum,Eukaryota;Animals;Flatworms,547.921,0,0,0,1
Dugesia japonica,Eukaryota;Animals;Flatworms,854.187,0,0,0,1
Echinococcus canadensis,Eukaryota;Animals;Flatworms,115.025,0,0,0,1
Echinococcus granulosus,Eukaryota;Animals;Flatworms,110.838,0,0,0,1
Echinococcus multilocularis,Eukaryota;Animals;Flatworms,114.963,0,0,0,1
Fasciola gigantica,Eukaryota;Animals;Flatworms,1273.71,0,0,0,1
Fasciola hepatica,Eukaryota;Animals;Flatworms,1203.65,0,0,0,4
Girardia tigrina,Eukaryota;Animals;Flatworms,1428.15,0,0,0,1
Gyrodactylus salaris,Eukaryota;Animals;Flatworms,67.3807,0,0,0,1
Hydatigera taeniaeformis,Eukaryota;Animals;Flatworms,0,0,0,0,0
Hymenolepis diminuta,Eukaryota;Animals;Flatworms,0,0,0,0,0
Hymenolepis microstoma,Eukaryota;Animals;Flatworms,182.137,0,0,0,1
Hymenolepis nana,Eukaryota;Animals;Flatworms,0,0,0,0,0
Macrostomum lignano,Eukaryota;Animals;Flatworms,764.411,0,0,0,2
Opisthorchis viverrini,Eukaryota;Animals;Flatworms,620.453,0,0,0,2
Schistosoma haematobium,Eukaryota;Animals;Flatworms,375.894,0,0,0,1
Schistosoma japonicum,Eukaryota;Animals;Flatworms,402.743,0,0,0,1
Schistosoma mansoni,Eukaryota;Animals;Flatworms,364.538,8,1,0,1
Schmidtea mediterranea,Eukaryota;Animals;Flatworms,942.042,0,0,0,4
Spirometra erinaceieuropaei,Eukaryota;Animals;Flatworms,1258.72,0,0,0,1
Taenia asiatica,Eukaryota;Animals;Flatworms,168.679,0,0,0,1
Taenia multiceps,Eukaryota;Animals;Flatworms,240.611,7,1,0,1
Taenia saginata,Eukaryota;Animals;Flatworms,169.104,0,0,0,1
Taenia solium,Eukaryota;Animals;Flatworms,129.811,0,0,0,3
Trichobilharzia regenti,Eukaryota;Animals;Flatworms,0,0,0,0,0
Achalarus lyciades,Eukaryota;Animals;Insects,566.834,0,1,0,1
Acromyrmex echinatior,Eukaryota;Animals;Insects,295.945,0,0,0,1
Acyrthosiphon pisum,Eukaryota;Animals;Insects,541.692,0,1,0,1
Aedes aegypti,Eukaryota;Animals;Insects,1278.73,3,1,0,3
Aedes albopictus,Eukaryota;Animals;Insects,2247.31,0,1,0,3
Aethina tumida,Eukaryota;Animals;Insects,234.344,0,0,0,1
Agrilus planipennis,Eukaryota;Animals;Insects,353.073,0,1,0,1
Aleochara bilineata,Eukaryota;Animals;Insects,85.8997,0,0,0,1
Amphinemura sulcicollis,Eukaryota;Animals;Insects,271.925,0,0,0,1
Amyelois transitella,Eukaryota;Animals;Insects,406.468,0,0,0,1
Andricus curvator,Eukaryota;Animals;Insects,1713.4,0,0,0,1
Andricus grossulariae,Eukaryota;Animals;Insects,1877.2,0,0,0,1
Andricus inflator,Eukaryota;Animals;Insects,1869.31,0,0,0,1
Andricus quercusramuli,Eukaryota;Animals;Insects,1937.57,0,0,0,1
Anopheles albimanus,Eukaryota;Animals;Insects,173.339,5,0,0,1
Anopheles aquasalis,Eukaryota;Animals;Insects,162.944,0,0,0,1
Anopheles arabiensis,Eukaryota;Animals;Insects,246.568,0,0,0,1
Anopheles atroparvus,Eukaryota;Animals;Insects,224.29,0,0,0,1
Anopheles christyi,Eukaryota;Animals;Insects,172.659,0,0,0,1
Anopheles coluzzii,Eukaryota;Animals;Insects,224.417,0,0,0,1
Anopheles cracens,Eukaryota;Animals;Insects,326.466,0,0,0,1
Anopheles culicifacies,Eukaryota;Animals;Insects,202.999,0,0,0,1
Anopheles darlingi,Eukaryota;Animals;Insects,136.936,0,0,0,1
Anopheles dirus,Eukaryota;Animals;Insects,216.308,0,0,0,1
Anopheles epiroticus,Eukaryota;Animals;Insects,223.487,0,0,0,1
Anopheles farauti,Eukaryota;Animals;Insects,183.103,0,0,0,2
Anopheles farauti No. 4,Eukaryota;Animals;Insects,146.379,0,0,0,1
Anopheles funestus,Eukaryota;Animals;Insects,225.224,0,0,0,1
Anopheles gambiae,Eukaryota;Animals;Insects,265.027,5,1,0,4
Anopheles koliensis,Eukaryota;Animals;Insects,151.11,0,0,0,1
Anopheles maculatus,Eukaryota;Animals;Insects,462.689,0,0,0,2
Anopheles melas,Eukaryota;Animals;Insects,224.162,0,0,0,1
Anopheles merus,Eukaryota;Animals;Insects,288.049,0,0,0,1
Anopheles minimus,Eukaryota;Animals;Insects,201.793,0,0,0,1
Anopheles nili,Eukaryota;Animals;Insects,98.32,0,0,0,1
Anopheles punctulatus,Eukaryota;Animals;Insects,146.157,0,0,0,1
Anopheles quadriannulatus,Eukaryota;Animals;Insects,283.829,0,0,0,1
Anopheles sinensis,Eukaryota;Animals;Insects,220.778,0,0,0,2
Anopheles stephensi,Eukaryota;Animals;Insects,196.059,5,0,0,4
Anoplophora glabripennis,Eukaryota;Animals;Insects,706.969,0,1,0,1
Aphaenogaster ashmeadi,Eukaryota;Animals;Insects,310.334,0,0,0,1
Aphaenogaster floridana,Eukaryota;Animals;Insects,382.861,0,0,0,1
Aphaenogaster fulva,Eukaryota;Animals;Insects,346.134,0,0,0,1
Aphaenogaster miamiana,Eukaryota;Animals;Insects,342.643,0,0,0,1
Aphaenogaster picea,Eukaryota;Animals;Insects,386.045,0,0,0,1
Aphaenogaster rudis,Eukaryota;Animals;Insects,395.412,0,0,0,2
Aphis gossypii,Eukaryota;Animals;Insects,294.263,0,0,0,1
Apis cerana,Eukaryota;Animals;Insects,228.332,0,1,0,3
Apis dorsata,Eukaryota;Animals;Insects,230.34,0,0,0,1
Apis florea,Eukaryota;Animals;Insects,230.485,0,1,0,1
Apis mellifera,Eukaryota;Animals;Insects,225.251,16,1,0,4
Athalia rosae,Eukaryota;Animals;Insects,155.841,0,0,0,1
Atta cephalotes,Eukaryota;Animals;Insects,317.672,0,1,0,1
Atta colombica,Eukaryota;Animals;Insects,291.258,0,0,0,1
Bactrocera dorsalis,Eukaryota;Animals;Insects,414.985,0,1,0,1
Bactrocera latifrons,Eukaryota;Animals;Insects,462.505,0,1,0,1
Bactrocera oleae,Eukaryota;Animals;Insects,471.78,0,1,0,2
Bactrocera tryoni,Eukaryota;Animals;Insects,519.006,0,0,0,1
Baetis rhodani,Eukaryota;Animals;Insects,174.117,0,0,0,1
Belgica antarctica,Eukaryota;Animals;Insects,89.5837,0,0,0,1
Bemisia tabaci,Eukaryota;Animals;Insects,615.017,0,1,0,2
Bicyclus anynana,Eukaryota;Animals;Insects,475.4,0,0,0,1
Blattella germanica,Eukaryota;Animals;Insects,2037.3,0,0,0,2
Bombus impatiens,Eukaryota;Animals;Insects,246.864,0,0,0,1
Bombus terrestris,Eukaryota;Animals;Insects,248.654,18,0,0,1
Bombyx huttoni,Eukaryota;Animals;Insects,450.339,0,0,0,1
Bombyx mandarina,Eukaryota;Animals;Insects,398.573,0,0,0,1
Bombyx mori,Eukaryota;Animals;Insects,481.819,0,1,0,4
Calephelis nemesis,Eukaryota;Animals;Insects,808.525,0,0,0,1
Calephelis virginiensis,Eukaryota;Animals;Insects,855.082,0,0,0,1
Calliphora vicina,Eukaryota;Animals;Insects,459.231,0,0,0,1
Calopteryx splendens,Eukaryota;Animals;Insects,1628.35,0,0,0,1
Calycopis cecrops,Eukaryota;Animals;Insects,728.789,0,0,0,1
Camponotus floridanus,Eukaryota;Animals;Insects,284.009,0,0,0,2
Catajapyx aquilonaris,Eukaryota;Animals;Insects,285.626,0,0,0,1
Cecidostiba fungosa,Eukaryota;Animals;Insects,185.537,0,0,0,1
Cecidostiba semifascia,Eukaryota;Animals;Insects,287.222,0,0,0,1
Cephus cinctus,Eukaryota;Animals;Insects,162.246,0,1,0,1
Ceratina calcarata,Eukaryota;Animals;Insects,199.937,0,0,0,1
Ceratitis capitata,Eukaryota;Animals;Insects,436.491,0,1,0,1
Ceratosolen solmsi,Eukaryota;Animals;Insects,277.059,0,0,0,1
Chaoborus trivitattus,Eukaryota;Animals;Insects,269.281,0,0,0,1
Chilo suppressalis,Eukaryota;Animals;Insects,824.354,0,0,0,2
Chironomus riparius,Eukaryota;Animals;Insects,154.534,0,0,0,1
Chironomus tentans,Eukaryota;Animals;Insects,213.463,0,0,0,1
Cimex hemipterus,Eukaryota;Animals;Insects,2.66463,0,0,0,1
Cimex lectularius,Eukaryota;Animals;Insects,510.849,0,1,0,2
Cirrula hians,Eukaryota;Animals;Insects,399.686,0,0,0,1
Clitarchus hookeri,Eukaryota;Animals;Insects,3802.63,0,0,0,1
Clogmia albipunctata,Eukaryota;Animals;Insects,256.249,0,0,0,1
Clunio marinus,Eukaryota;Animals;Insects,85.4914,0,0,0,1
Coboldia fuscipes,Eukaryota;Animals;Insects,98.7591,0,0,0,1
Coccinella septempunctata,Eukaryota;Animals;Insects,514.957,0,0,0,1
Condylostylus patibulatus,Eukaryota;Animals;Insects,451.942,0,0,0,1
Copidosoma floridanum,Eukaryota;Animals;Insects,553.956,0,0,0,1
Cotesia vestalis,Eukaryota;Animals;Insects,186.104,0,0,0,2
Cryptotermes secundus,Eukaryota;Animals;Insects,1018.93,0,0,0,1
Ctenocephalides felis,Eukaryota;Animals;Insects,775.453,0,0,0,1
Culex quinquefasciatus,Eukaryota;Animals;Insects,579.042,0,0,0,1
Culicoides sonorensis,Eukaryota;Animals;Insects,194.177,0,0,0,1
Cydia pomonella,Eukaryota;Animals;Insects,836.707,0,0,0,1
Cyphomyrmex costatus,Eukaryota;Animals;Insects,300.317,0,0,0,1
Dactylopius coccus,Eukaryota;Animals;Insects,18.6131,0,0,0,1
Danaus plexippus,Eukaryota;Animals;Insects,248.578,0,0,0,1
Dendroctonus ponderosae,Eukaryota;Animals;Insects,252.848,0,0,0,2
Diabrotica virgifera,Eukaryota;Animals;Insects,2418.07,0,0,0,1
Diachasma alloeum,Eukaryota;Animals;Insects,388.753,0,0,0,1
Diaphorina citri,Eukaryota;Animals;Insects,485.705,0,0,0,1
Dinoponera quadriceps,Eukaryota;Animals;Insects,259.666,0,0,0,1
Diuraphis noxia,Eukaryota;Animals;Insects,395.074,0,1,0,3
Drosophila albomicans,Eukaryota;Animals;Insects,253.56,0,0,0,2
Drosophila americana,Eukaryota;Animals;Insects,163.287,0,0,0,2
Drosophila ananassae,Eukaryota;Animals;Insects,230.993,0,0,0,2
Drosophila arizonae,Eukaryota;Animals;Insects,141.387,0,0,0,1
Drosophila athabasca,Eukaryota;Animals;Insects,130.278,6,0,0,1
Drosophila biarmipes,Eukaryota;Animals;Insects,169.379,0,0,0,2
Drosophila bipectinata,Eukaryota;Animals;Insects,167.264,0,0,0,2
Drosophila busckii,Eukaryota;Animals;Insects,135.749,6,0,0,2
Drosophila elegans,Eukaryota;Animals;Insects,171.268,0,0,0,1
Drosophila erecta,Eukaryota;Animals;Insects,146.538,0,0,0,2
Drosophila eugracilis,Eukaryota;Animals;Insects,156.942,0,0,0,1
Drosophila ficusphila,Eukaryota;Animals;Insects,152.439,0,0,0,1
Drosophila grimshawi,Eukaryota;Animals;Insects,200.468,0,0,0,1
Drosophila hydei,Eukaryota;Animals;Insects,139.941,0,0,0,2
Drosophila kikkawai,Eukaryota;Animals;Insects,164.293,0,0,0,1
Drosophila melanogaster,Eukaryota;Animals;Insects,143.726,7,1,0,22
Drosophila miranda,Eukaryota;Animals;Insects,136.729,6,0,0,3
Drosophila mojavensis,Eukaryota;Animals;Insects,193.826,0,0,0,1
Drosophila montana,Eukaryota;Animals;Insects,183.585,0,0,0,1
Drosophila nasuta,Eukaryota;Animals;Insects,137.224,0,0,0,1
Drosophila navojoa,Eukaryota;Animals;Insects,115.886,0,0,0,1
Drosophila novamexicana,Eukaryota;Animals;Insects,182.395,0,0,0,1
Drosophila obscura,Eukaryota;Animals;Insects,181.869,0,0,0,1
Drosophila persimilis,Eukaryota;Animals;Insects,195.513,0,0,0,2
Drosophila pseudoobscura,Eukaryota;Animals;Insects,164.366,2,0,0,3
Drosophila rhopaloa,Eukaryota;Animals;Insects,197.376,0,0,0,1
Drosophila sechellia,Eukaryota;Animals;Insects,166.592,0,1,0,2
Drosophila serrata,Eukaryota;Animals;Insects,198.036,0,0,0,1
Drosophila simulans,Eukaryota;Animals;Insects,124.964,6,1,0,11
Drosophila subobscura,Eukaryota;Animals;Insects,117.291,0,0,0,1
Drosophila suzukii,Eukaryota;Animals;Insects,232.923,0,0,0,2
Drosophila takahashii,Eukaryota;Animals;Insects,182.107,0,0,0,2
Drosophila virilis,Eukaryota;Animals;Insects,206.027,0,0,0,3
Drosophila willistoni,Eukaryota;Animals;Insects,235.516,0,0,0,1
Drosophila yakuba,Eukaryota;Animals;Insects,165.71,6,1,0,1
Dryococelus australis,Eukaryota;Animals;Insects,3416.45,0,0,0,1
Dufourea novaeangliae,Eukaryota;Animals;Insects,279.506,0,0,0,1
Ephemera danica,Eukaryota;Animals;Insects,474.347,0,0,0,1
Ephydra gracilis,Eukaryota;Animals;Insects,410.873,0,0,0,1
Eristalis dimidiata,Eukaryota;Animals;Insects,315.429,0,0,0,1
Eufriesea mexicana,Eukaryota;Animals;Insects,596.278,0,0,0,1
Euglossa dilemma,Eukaryota;Animals;Insects,588.2,0,0,0,1
Eupelmus annulatus,Eukaryota;Animals;Insects,314.961,0,0,0,1
Eupelmus urozonus,Eukaryota;Animals;Insects,376.748,0,0,0,1
Eurytoma adleriae,Eukaryota;Animals;Insects,314.665,0,0,0,1
Eurytoma brunniventris,Eukaryota;Animals;Insects,321.46,0,0,0,1
Euschistus heros,Eukaryota;Animals;Insects,1325.16,0,0,0,1
Eutreta diana,Eukaryota;Animals;Insects,233.053,0,0,0,1
Ferrisia virgata,Eukaryota;Animals;Insects,304.571,0,0,0,1
Folsomia candida,Eukaryota;Animals;Insects,221.703,0,0,0,1
Fopius arisanus,Eukaryota;Animals;Insects,153.632,0,0,0,1
Formica exsecta,Eukaryota;Animals;Insects,277.634,0,0,0,1
Frankliniella occidentalis,Eukaryota;Animals;Insects,274.99,0,1,0,1
Galleria mellonella,Eukaryota;Animals;Insects,401.085,0,1,0,2
Gerris buenoi,Eukaryota;Animals;Insects,994.443,0,0,0,1
Glossina austeni,Eukaryota;Animals;Insects,370.265,0,0,0,1
Glossina brevipalpis,Eukaryota;Animals;Insects,315.36,0,0,0,1
Glossina fuscipes,Eukaryota;Animals;Insects,374.775,0,0,0,1
Glossina morsitans,Eukaryota;Animals;Insects,363.107,0,0,0,2
Glossina pallidipes,Eukaryota;Animals;Insects,357.332,0,0,0,1
Glossina palpalis,Eukaryota;Animals;Insects,380.104,0,0,0,1
Glossosoma conforme,Eukaryota;Animals;Insects,604.294,0,0,0,1
Goniozus legneri,Eukaryota;Animals;Insects,140.142,0,0,0,1
Habropoda laboriosa,Eukaryota;Animals;Insects,296.955,0,0,0,1
Haematobia irritans,Eukaryota;Animals;Insects,1143.54,0,0,0,1
Halyomorpha halys,Eukaryota;Animals;Insects,998.241,0,1,0,1
Harmonia axyridis,Eukaryota;Animals;Insects,422.831,0,0,0,4
Harpegnathos saltator,Eukaryota;Animals;Insects,334.537,0,0,0,2
Heliconius cydno,Eukaryota;Animals;Insects,282.336,0,0,0,18
Heliconius elevatus,Eukaryota;Animals;Insects,364.784,0,0,0,9
Heliconius ethilla,Eukaryota;Animals;Insects,282.527,0,0,0,5
Heliconius hecale,Eukaryota;Animals;Insects,78.5306,0,0,0,6
Heliconius hecuba,Eukaryota;Animals;Insects,212.767,0,0,0,1
Heliconius heurippa,Eukaryota;Animals;Insects,309.419,0,0,0,2
Heliconius hierax,Eukaryota;Animals;Insects,210.868,0,0,0,1
Heliconius ismenius,Eukaryota;Animals;Insects,259.837,0,0,0,2
Heliconius melpomene,Eukaryota;Animals;Insects,273.786,0,0,0,50
Heliconius numata,Eukaryota;Animals;Insects,364.328,0,0,0,5
Heliconius pachinus,Eukaryota;Animals;Insects,279.265,0,0,0,2
Heliconius pardalinus,Eukaryota;Animals;Insects,293.609,0,0,0,10
Heliconius timareta,Eukaryota;Animals;Insects,319.43,0,0,0,23
Heliconius wallacei,Eukaryota;Animals;Insects,365.01,0,0,0,1
Heliconius xanthocles,Eukaryota;Animals;Insects,198.612,0,0,0,1
Helicoverpa armigera,Eukaryota;Animals;Insects,337.088,0,1,0,1
Helicoverpa zea,Eukaryota;Animals;Insects,341.147,0,0,0,1
Heliothis virescens,Eukaryota;Animals;Insects,403.154,0,0,0,1
Hermetia illucens,Eukaryota;Animals;Insects,890.457,0,0,0,1
Holacanthella duospinosa,Eukaryota;Animals;Insects,327.567,0,0,0,1
Holcocephala fusca,Eukaryota;Animals;Insects,516.231,0,0,0,1
Homalodisca vitripennis,Eukaryota;Animals;Insects,1445.22,0,0,0,1
Hyphantria cunea,Eukaryota;Animals;Insects,510.512,0,0,0,1
Hyposmocoma kahamanoa,Eukaryota;Animals;Insects,731.441,0,0,0,1
Hypothenemus hampei,Eukaryota;Animals;Insects,151.272,0,0,0,1
Isoperla grammatica,Eukaryota;Animals;Insects,509.523,0,0,0,1
Ladona fulva,Eukaryota;Animals;Insects,1157.62,0,0,0,1
Laodelphax striatella,Eukaryota;Animals;Insects,540.905,0,0,0,1
Laparus doris,Eukaryota;Animals;Insects,241.556,0,0,0,3
Lasioglossum albipes,Eukaryota;Animals;Insects,336.521,0,0,0,1
Lasius niger,Eukaryota;Animals;Insects,236.236,0,0,0,1
Laupala kohalensis,Eukaryota;Animals;Insects,1595.21,0,0,0,1
Lednia tumana,Eukaryota;Animals;Insects,304.502,0,0,0,1
Lepidotrigona ventralis,Eukaryota;Animals;Insects,333.081,0,0,0,1
Leptidea sinapis,Eukaryota;Animals;Insects,642.75,0,0,0,2
Leptinotarsa decemlineata,Eukaryota;Animals;Insects,641.993,0,0,0,1
Leptopilina boulardi,Eukaryota;Animals;Insects,283.869,0,0,0,1
Leptopilina clavipes,Eukaryota;Animals;Insects,255.344,0,0,0,1
Lerema accius,Eukaryota;Animals;Insects,298.17,0,0,0,1
Limnephilus lunatus,Eukaryota;Animals;Insects,1369.18,0,0,0,1
Linepithema humile,Eukaryota;Animals;Insects,219.501,0,0,0,1
Liriomyza trifolii,Eukaryota;Animals;Insects,69.6986,0,0,0,1
Locusta migratoria,Eukaryota;Animals;Insects,5759.8,0,0,0,1
Lucilia cuprina,Eukaryota;Animals;Insects,378.29,0,1,0,2
Lucilia sericata,Eukaryota;Animals;Insects,319.935,0,0,0,1
Lutzomyia longipalpis,Eukaryota;Animals;Insects,154.229,0,0,0,1
Machilis hrabei,Eukaryota;Animals;Insects,2144.51,0,0,0,1
Maconellicoccus hirsutus,Eukaryota;Animals;Insects,189.239,0,0,0,2
Macrocentrus cingulum,Eukaryota;Animals;Insects,127.916,0,0,0,1
Mamestra configurata,Eukaryota;Animals;Insects,571.308,0,0,0,1
Manduca sexta,Eukaryota;Animals;Insects,419.424,0,0,0,1
Mayetiola destructor,Eukaryota;Animals;Insects,185.828,0,0,0,2
Medauroidea extradentata,Eukaryota;Animals;Insects,2593.36,0,0,0,1
Megachile rotundata,Eukaryota;Animals;Insects,272.661,0,0,0,1
Megaselia abdita,Eukaryota;Animals;Insects,412.271,0,0,0,1
Megaselia scalaris,Eukaryota;Animals;Insects,489.348,0,0,0,1
Megastigmus dorsalis,Eukaryota;Animals;Insects,589.959,0,0,0,1
Megastigmus stigmatizans,Eukaryota;Animals;Insects,577.888,0,0,0,1
Megathymus ursus,Eukaryota;Animals;Insects,429.428,0,0,0,1
Melanaphis sacchari,Eukaryota;Animals;Insects,300.272,0,0,0,1
Melipona quadrifasciata,Eukaryota;Animals;Insects,256.303,0,0,0,1
Melitaea cinxia,Eukaryota;Animals;Insects,389.908,0,1,0,1
Mengenilla moldrzyki,Eukaryota;Animals;Insects,155.727,0,0,0,1
Microplitis demolitor,Eukaryota;Animals;Insects,241.19,0,0,0,1
Mochlonyx cinctipes,Eukaryota;Animals;Insects,441.264,0,0,0,1
Monomorium pharaonis,Eukaryota;Animals;Insects,257.977,0,0,0,3
Musca domestica,Eukaryota;Animals;Insects,750.404,0,0,0,2
Myzus persicae,Eukaryota;Animals;Insects,347.313,0,1,0,1
Nasonia giraulti,Eukaryota;Animals;Insects,283.607,0,0,0,1
Nasonia longicornis,Eukaryota;Animals;Insects,285.726,0,0,0,1
Nasonia vitripennis,Eukaryota;Animals;Insects,295.781,5,0,0,1
Nasutitermes exitiosus,Eukaryota;Animals;Insects,5.23769,0,0,0,1
Neodiprion lecontei,Eukaryota;Animals;Insects,239.677,0,0,0,1
Neruda aoede,Eukaryota;Animals;Insects,337.37,0,0,0,1
Neuroterus quercusbaccarum,Eukaryota;Animals;Insects,2569.68,0,0,0,1
Nicrophorus vespilloides,Eukaryota;Animals;Insects,195.273,0,0,0,1
Nilaparvata lugens,Eukaryota;Animals;Insects,1140.8,0,1,0,1
Nomia melanderi,Eukaryota;Animals;Insects,325.881,0,0,0,1
Oncopeltus fasciatus,Eukaryota;Animals;Insects,1099.61,0,0,0,1
Onthophagus taurus,Eukaryota;Animals;Insects,267.079,0,0,0,1
Ooceraea biroi,Eukaryota;Animals;Insects,223.876,14,1,0,2
Operophtera brumata,Eukaryota;Animals;Insects,638.208,0,0,0,1
Orchesella cincta,Eukaryota;Animals;Insects,286.767,0,0,0,1
Ormyrus nitidulus,Eukaryota;Animals;Insects,259.886,0,0,0,1
Ormyrus pomaceus,Eukaryota;Animals;Insects,266.814,0,0,0,1
Orussus abietinus,Eukaryota;Animals;Insects,186.398,0,0,0,1
Oryctes borbonicus,Eukaryota;Animals;Insects,423.766,0,0,0,1
Pachypsylla venusta,Eukaryota;Animals;Insects,479.983,0,0,0,1
Papilio glaucus,Eukaryota;Animals;Insects,374.816,0,0,0,1
Papilio machaon,Eukaryota;Animals;Insects,278.436,0,1,0,1
Papilio memnon,Eukaryota;Animals;Insects,232.544,0,0,0,2
Papilio polytes,Eukaryota;Animals;Insects,227.021,0,1,0,1
Papilio xuthus,Eukaryota;Animals;Insects,243.89,0,0,0,2
Paracoccus marginatus,Eukaryota;Animals;Insects,191.208,0,0,0,1
Pararge aegeria,Eukaryota;Animals;Insects,501.695,0,0,0,1
Paykullia maculata,Eukaryota;Animals;Insects,422.395,0,0,0,1
Pediculus humanus,Eukaryota;Animals;Insects,110.781,0,0,0,1
Periplaneta americana,Eukaryota;Animals;Insects,3374.84,0,0,0,1
Philaenus spumarius,Eukaryota;Animals;Insects,1248.09,0,0,0,1
Phlebotomus papatasi,Eukaryota;Animals;Insects,363.768,0,0,0,1
Phoebis sennae,Eukaryota;Animals;Insects,287.49,0,0,0,1
Phormia regina,Eukaryota;Animals;Insects,549.933,0,0,0,2
Phortica variegata,Eukaryota;Animals;Insects,155.55,0,0,0,1
Pieris rapae,Eukaryota;Animals;Insects,245.886,0,1,0,1
Piezodorus guildinii,Eukaryota;Animals;Insects,3.17985,0,0,0,1
Plodia interpunctella,Eukaryota;Animals;Insects,382.236,0,0,0,2
Plutella xylostella,Eukaryota;Animals;Insects,393.471,0,1,0,2
Pogonomyrmex barbatus,Eukaryota;Animals;Insects,235.646,0,0,0,1
Pogonus chalceus,Eukaryota;Animals;Insects,280.876,11,0,0,1
Polistes canadensis,Eukaryota;Animals;Insects,211.202,0,0,0,1
Polistes dominula,Eukaryota;Animals;Insects,208.026,0,0,0,1
Priacma serrata,Eukaryota;Animals;Insects,12.0783,0,0,0,1
Proctacanthus coquilletti,Eukaryota;Animals;Insects,208.908,0,0,0,1
Pseudococcus longispinus,Eukaryota;Animals;Insects,284.99,0,0,0,1
Pseudomyrmex gracilis,Eukaryota;Animals;Insects,282.776,0,0,0,1
Rhagoletis zephyria,Eukaryota;Animals;Insects,1113.96,0,0,0,1
Rhodnius prolixus,Eukaryota;Animals;Insects,706.824,0,0,0,1
Rhopalosiphum maidis,Eukaryota;Animals;Insects,326.445,0,0,0,1
Sarcophaga bullata,Eukaryota;Animals;Insects,396.225,0,0,0,1
Scaptodrosophila lebanonensis,Eukaryota;Animals;Insects,247.027,0,0,0,2
Scaptomyza flava,Eukaryota;Animals;Insects,214.837,0,0,0,1
Schizaphis graminum,Eukaryota;Animals;Insects,385.232,0,0,0,1
Sericostoma,Eukaryota;Animals;Insects,1015.73,0,0,0,1
Sipha flava,Eukaryota;Animals;Insects,353.188,0,0,0,1
Sitophilus oryzae,Eukaryota;Animals;Insects,651.856,0,0,0,1
Solenopsis fugax,Eukaryota;Animals;Insects,335.324,0,0,0,1
Solenopsis invicta,Eukaryota;Animals;Insects,398.995,0,1,0,1
Sphyracephala brevicornis,Eukaryota;Animals;Insects,315.521,0,0,0,1
Spodoptera frugiperda,Eukaryota;Animals;Insects,514.226,0,0,0,4
Spodoptera litura,Eukaryota;Animals;Insects,438.956,31,1,0,1
Stomoxys calcitrans,Eukaryota;Animals;Insects,971.189,0,0,0,1
Synergus japonicus,Eukaryota;Animals;Insects,226.414,0,0,0,1
Synergus umbraculus,Eukaryota;Animals;Insects,235.334,0,0,0,1
Teleopsis dalmanni,Eukaryota;Animals;Insects,621.706,0,0,0,2
Temnothorax curvispinosus,Eukaryota;Animals;Insects,303.539,0,0,0,1
Tephritis californica,Eukaryota;Animals;Insects,342.258,0,0,0,1
Themira minor,Eukaryota;Animals;Insects,99.8855,0,0,0,1
Timema cristinae,Eukaryota;Animals;Insects,955.49,13,0,0,3
Tipula oleracea,Eukaryota;Animals;Insects,541.697,0,0,0,1
Torymus auratus,Eukaryota;Animals;Insects,410.911,0,0,0,1
Torymus geranii,Eukaryota;Animals;Insects,363.976,0,0,0,1
Trabutina mannipara,Eukaryota;Animals;Insects,172.236,0,0,0,1
Trachymyrmex cornetzi,Eukaryota;Animals;Insects,369.438,0,0,0,1
Trachymyrmex septentrionalis,Eukaryota;Animals;Insects,291.747,0,0,0,1
Trachymyrmex zeteki,Eukaryota;Animals;Insects,267.973,0,0,0,1
Tribolium castaneum,Eukaryota;Animals;Insects,165.944,10,1,0,1
Trichogramma pretiosum,Eukaryota;Animals;Insects,187.642,0,0,0,1
Trichomalopsis sarcophagae,Eukaryota;Animals;Insects,236.484,0,0,0,1
Trichoplusia ni,Eukaryota;Animals;Insects,368.211,28,1,0,2
Trionymus perrisii,Eukaryota;Animals;Insects,237.583,0,0,0,1
Trupanea jonesi,Eukaryota;Animals;Insects,97.2813,0,0,0,1
unclassified Hexapoda,Eukaryota;Animals;Insects,99.041,0,0,0,1
unclassified Sarcophagidae,Eukaryota;Animals;Insects,494.581,0,0,0,1
unclassified Trichoceridae,Eukaryota;Animals;Insects,41.7116,0,0,0,1
Vanessa tameamea,Eukaryota;Animals;Insects,357.125,0,0,0,1
Vollenhovia emeryi,Eukaryota;Animals;Insects,287.901,0,0,0,1
Wasmannia auropunctata,Eukaryota;Animals;Insects,324.12,0,0,0,1
Xenocatantops brachycerus,Eukaryota;Animals;Insects,41.6421,0,0,0,1
Zaprionus indianus,Eukaryota;Animals;Insects,123.675,0,0,0,1
Zeugodacus cucurbitae,Eukaryota;Animals;Insects,374.82,0,1,0,1
Zootermopsis nevadensis,Eukaryota;Animals;Insects,485.025,0,1,0,1
Acinonyx jubatus,Eukaryota;Animals;Mammals,2384.85,0,1,0,2
Ailuropoda melanoleuca,Eukaryota;Animals;Mammals,2299.51,0,1,0,2
Ailurus fulgens,Eukaryota;Animals;Mammals,2342.94,0,0,0,1
Ammotragus lervia,Eukaryota;Animals;Mammals,2650.84,0,0,0,1
Aotus nancymaae,Eukaryota;Animals;Mammals,2861.68,0,1,0,1
Apodemus speciosus,Eukaryota;Animals;Mammals,3494.29,0,0,0,1
Apodemus sylvaticus,Eukaryota;Animals;Mammals,3758.14,0,0,0,1
Arctocephalus gazella,Eukaryota;Animals;Mammals,2313.49,0,0,0,1
Axis porcinus,Eukaryota;Animals;Mammals,2676.16,0,0,0,1
Balaenoptera acutorostrata,Eukaryota;Animals;Mammals,2431.69,0,1,0,1
Balaenoptera bonaerensis,Eukaryota;Animals;Mammals,2234.64,0,0,0,1
Bison bison,Eukaryota;Animals;Mammals,2828.03,0,1,0,1
Bos indicus,Eukaryota;Animals;Mammals,2673.97,31,1,0,2
Bos indicus x Bos taurus,Eukaryota;Animals;Mammals,2680.95,30,1,0,2
Bos mutus,Eukaryota;Animals;Mammals,2645.16,0,1,0,2
Bos taurus,Eukaryota;Animals;Mammals,2715.85,30,1,0,3
Bubalus bubalis,Eukaryota;Animals;Mammals,2655.78,25,1,0,4
Callithrix jacchus,Eukaryota;Animals;Mammals,2914.96,24,0,0,4
Callorhinus ursinus,Eukaryota;Animals;Mammals,2706.87,0,1,0,1
Camelus bactrianus,Eukaryota;Animals;Mammals,1992.66,0,1,0,2
Camelus dromedarius,Eukaryota;Animals;Mammals,2004.06,0,1,0,3
Camelus ferus,Eukaryota;Animals;Mammals,2009.19,0,1,0,1
Canis lupus,Eukaryota;Animals;Mammals,2439.83,0,0,0,1
Canis lupus familiaris,Eukaryota;Animals;Mammals,2410.98,39,1,0,4
Capra aegagrus,Eukaryota;Animals;Mammals,2828.87,31,0,0,2
Capra hircus,Eukaryota;Animals;Mammals,2922.81,29,1,0,2
Capra sibirica,Eukaryota;Animals;Mammals,2733.03,0,0,0,1
Capreolus capreolus,Eukaryota;Animals;Mammals,2785.38,0,0,0,1
Carlito syrichta,Eukaryota;Animals;Mammals,3453.86,0,1,0,1
Castor canadensis,Eukaryota;Animals;Mammals,2518.31,0,0,0,2
Cavia aperea,Eukaryota;Animals;Mammals,2716.4,0,0,0,1
Cavia porcellus,Eukaryota;Animals;Mammals,2723.22,0,1,0,1
Cebus capucinus,Eukaryota;Animals;Mammals,2717.7,0,0,0,1
Ceratotherium simum simum,Eukaryota;Animals;Mammals,2464.37,0,1,0,1
Cercocebus atys,Eukaryota;Animals;Mammals,2848.25,0,0,0,1
Cervus elaphus,Eukaryota;Animals;Mammals,3438.62,35,0,0,1
Chinchilla lanigera,Eukaryota;Animals;Mammals,2390.87,0,1,0,1
Chlorocebus sabaeus,Eukaryota;Animals;Mammals,2789.66,31,1,0,1
Choloepus hoffmanni,Eukaryota;Animals;Mammals,3286.01,0,0,0,1
Chrysochloris asiatica,Eukaryota;Animals;Mammals,4210.11,0,1,0,1
Colobus angolensis,Eukaryota;Animals;Mammals,2970.12,0,0,0,1
Condylura cristata,Eukaryota;Animals;Mammals,1769.66,0,0,0,1
Cricetulus griseus,Eukaryota;Animals;Mammals,2399.79,0,1,0,5
Dasypus novemcinctus,Eukaryota;Animals;Mammals,3631.52,0,1,0,1
Daubentonia madagascariensis,Eukaryota;Animals;Mammals,2855.37,0,0,0,1
Delphinapterus leucas,Eukaryota;Animals;Mammals,2358.52,0,1,0,1
Desmodus rotundus,Eukaryota;Animals;Mammals,2063.81,0,1,0,1
Dicerorhinus sumatrensis,Eukaryota;Animals;Mammals,2949.86,0,0,0,1
Dipodomys ordii,Eukaryota;Animals;Mammals,2236.37,0,0,0,1
Echinops telfairi,Eukaryota;Animals;Mammals,2947.02,0,1,0,1
Eidolon helvum,Eukaryota;Animals;Mammals,1837.75,0,0,0,1
Elaphurus davidianus,Eukaryota;Animals;Mammals,2584.69,0,0,0,1
Elephantulus edwardii,Eukaryota;Animals;Mammals,3843.98,0,0,0,1
Ellobius lutescens,Eukaryota;Animals;Mammals,2353.19,0,0,0,2
Ellobius talpinus,Eukaryota;Animals;Mammals,2265.97,0,0,0,1
Enhydra lutris,Eukaryota;Animals;Mammals,2455.28,0,1,0,1
Eonycteris spelaea,Eukaryota;Animals;Mammals,1966.86,0,0,0,1
Eptesicus fuscus,Eukaryota;Animals;Mammals,2026.63,0,0,0,1
Equus asinus,Eukaryota;Animals;Mammals,2391.05,0,1,0,2
Equus caballus,Eukaryota;Animals;Mammals,2506.97,32,1,0,4
Equus przewalskii,Eukaryota;Animals;Mammals,2395.95,0,1,0,1
Erinaceus europaeus,Eukaryota;Animals;Mammals,2715.72,0,1,0,2
Eschrichtius robustus,Eukaryota;Animals;Mammals,2849.45,0,0,0,2
Eulemur flavifrons,Eukaryota;Animals;Mammals,2115.57,0,0,0,1
Eulemur macaco,Eukaryota;Animals;Mammals,2119.88,0,0,0,1
Felis catus,Eukaryota;Animals;Mammals,2521.86,19,1,0,2
Fukomys damarensis,Eukaryota;Animals;Mammals,2333.89,0,0,0,1
Galeopterus variegatus,Eukaryota;Animals;Mammals,3187.66,0,1,0,1
Giraffa tippelskirchi,Eukaryota;Animals;Mammals,2705.07,0,0,0,1
Gorilla gorilla,Eukaryota;Animals;Mammals,3063.36,24,1,0,5
Gulo gulo,Eukaryota;Animals;Mammals,2423.18,0,0,0,1
Heterocephalus glaber,Eukaryota;Animals;Mammals,2618.2,0,1,0,2
Hippopotamus amphibius,Eukaryota;Animals;Mammals,2425.75,0,0,0,1
Hipposideros armiger,Eukaryota;Animals;Mammals,2236.58,0,1,0,1
Homo sapiens,Eukaryota;Animals;Mammals,3257.32,24,1,0,209
Hyaena hyaena,Eukaryota;Animals;Mammals,2374.72,0,0,0,1
Ictidomys tridecemlineatus,Eukaryota;Animals;Mammals,2478.39,0,0,0,3
Jaculus jaculus,Eukaryota;Animals;Mammals,2835.25,0,1,0,1
Lagenorhynchus obliquidens,Eukaryota;Animals;Mammals,2334.47,0,1,0,1
Leptonychotes weddellii,Eukaryota;Animals;Mammals,3156.9,0,1,0,1
Lipotes vexillifer,Eukaryota;Animals;Mammals,2429.21,0,1,0,1
Loxodonta africana,Eukaryota;Animals;Mammals,3196.74,0,1,0,1
Lycaon pictus,Eukaryota;Animals;Mammals,2358.14,40,1,0,2
Macaca fascicularis,Eukaryota;Animals;Mammals,2946.84,21,1,0,3
Macaca fuscata,Eukaryota;Animals;Mammals,2930.71,0,0,0,1
Macaca mulatta,Eukaryota;Animals;Mammals,3236.22,22,1,0,6
Macaca nemestrina,Eukaryota;Animals;Mammals,2948.7,0,0,0,1
Mandrillus leucophaeus,Eukaryota;Animals;Mammals,3061.99,0,0,0,1
Manis javanica,Eukaryota;Animals;Mammals,2547.4,0,1,0,1
Manis pentadactyla,Eukaryota;Animals;Mammals,2204.73,0,0,0,1
Marmota flaviventris,Eukaryota;Animals;Mammals,2582.14,0,0,0,1
Marmota marmota,Eukaryota;Animals;Mammals,2510.59,0,0,0,1
Megaderma lyra,Eukaryota;Animals;Mammals,1735.93,0,0,0,1
Meriones unguiculatus,Eukaryota;Animals;Mammals,2523.12,0,1,0,1
Mesocricetus auratus,Eukaryota;Animals;Mammals,2504.93,0,1,0,1
Microcebus murinus,Eukaryota;Animals;Mammals,2487.41,33,1,0,1
Microtus agrestis,Eukaryota;Animals;Mammals,3124.14,0,0,0,1
Microtus ochrogaster,Eukaryota;Animals;Mammals,2287.34,28,0,0,1
Miniopterus natalensis,Eukaryota;Animals;Mammals,1803.1,0,0,0,1
Monodelphis domestica,Eukaryota;Animals;Mammals,3598.44,9,1,0,1
Mus caroli,Eukaryota;Animals;Mammals,2553.13,20,1,0,1
Mus musculus,Eukaryota;Animals;Mammals,2818.97,21,1,0,23
Mus pahari,Eukaryota;Animals;Mammals,2475.01,24,0,0,1
Mus spicilegus,Eukaryota;Animals;Mammals,2496.08,0,0,0,1
Mus spretus,Eukaryota;Animals;Mammals,2625.59,20,1,0,1
Mustela putorius furo,Eukaryota;Animals;Mammals,2410.88,0,1,0,2
Myodes glareolus,Eukaryota;Animals;Mammals,3443.07,0,0,0,1
Myotis brandtii,Eukaryota;Animals;Mammals,2107.24,0,0,0,1
Myotis davidii,Eukaryota;Animals;Mammals,2059.8,0,0,0,1
Myotis lucifugus,Eukaryota;Animals;Mammals,2034.58,0,0,0,1
Nannospalax galili,Eukaryota;Animals;Mammals,3061.42,0,1,0,1
Nasalis larvatus,Eukaryota;Animals;Mammals,3011.97,21,0,0,1
Neomonachus schauinslandi,Eukaryota;Animals;Mammals,2400.93,0,1,0,1
Neophocaena asiaeorientalis,Eukaryota;Animals;Mammals,2284.63,0,1,0,1
Neotoma lepida,Eukaryota;Animals;Mammals,2353.86,0,0,0,1
Neovison vison,Eukaryota;Animals;Mammals,2447.19,0,0,0,1
Nomascus leucogenys,Eukaryota;Animals;Mammals,2962.06,26,0,0,1
Notamacropus eugenii,Eukaryota;Animals;Mammals,3075.18,0,0,0,1
Ochotona princeps,Eukaryota;Animals;Mammals,2229.84,0,1,0,2
Octodon degus,Eukaryota;Animals;Mammals,2995.89,0,1,0,1
Octomys mimax,Eukaryota;Animals;Mammals,2591.29,0,0,0,1
Odobenus rosmarus divergens,Eukaryota;Animals;Mammals,2400.15,0,1,0,1
Odocoileus hemionus,Eukaryota;Animals;Mammals,2324.92,0,0,0,1
Odocoileus virginianus,Eukaryota;Animals;Mammals,2380.51,0,1,0,3
Okapia johnstoni,Eukaryota;Animals;Mammals,2878.13,0,0,0,1
Orcinus orca,Eukaryota;Animals;Mammals,2372.92,0,1,0,1
Ornithorhynchus anatinus,Eukaryota;Animals;Mammals,1995.61,19,1,0,2
Orycteropus afer,Eukaryota;Animals;Mammals,4444.08,0,1,0,1
Oryctolagus cuniculus,Eukaryota;Animals;Mammals,2737.46,22,1,0,1
Oryx gazella,Eukaryota;Animals;Mammals,0,0,0,0,0
Otolemur garnettii,Eukaryota;Animals;Mammals,2519.72,0,0,0,1
Ovis ammon,Eukaryota;Animals;Mammals,2643.43,0,0,0,1
Ovis aries,Eukaryota;Animals;Mammals,2615.52,27,1,0,4
Ovis canadensis,Eukaryota;Animals;Mammals,2590.55,27,0,0,1
Pan paniscus,Eukaryota;Animals;Mammals,3286.64,24,1,0,1
Pan troglodytes,Eukaryota;Animals;Mammals,3050.4,24,1,0,6
Panthera pardus,Eukaryota;Animals;Mammals,2578.02,0,1,0,1
Panthera tigris,Eukaryota;Animals;Mammals,2391.08,0,1,0,1
Pantholops hodgsonii,Eukaryota;Animals;Mammals,2696.89,0,1,0,1
Papio anubis,Eukaryota;Animals;Mammals,2959.37,21,1,0,1
Peromyscus maniculatus,Eukaryota;Animals;Mammals,2630.54,0,0,0,2
Peromyscus polionotus,Eukaryota;Animals;Mammals,2645.11,24,0,0,1
Phascolarctos cinereus,Eukaryota;Animals;Mammals,3192.58,0,1,0,3
Phocoena phocoena,Eukaryota;Animals;Mammals,2441.14,0,0,0,1
Phodopus sungorus,Eukaryota;Animals;Mammals,2003.23,0,0,0,1
Physeter catodon,Eukaryota;Animals;Mammals,2517.76,0,1,0,3
Piliocolobus tephrosceles,Eukaryota;Animals;Mammals,3038.01,0,0,0,1
Pongo abelii,Eukaryota;Animals;Mammals,3065.05,24,1,0,3
Pongo pygmaeus,Eukaryota;Animals;Mammals,136.303,1,0,0,1
Procavia capensis,Eukaryota;Animals;Mammals,3602.18,0,0,0,1
Prolemur simus,Eukaryota;Animals;Mammals,2411.59,0,0,0,1
Propithecus coquereli,Eukaryota;Animals;Mammals,2798.15,0,1,0,1
Psammomys obesus,Eukaryota;Animals;Mammals,2311.47,0,0,0,1
Pseudois nayaur,Eukaryota;Animals;Mammals,2584.17,0,0,0,1
Pteronotus parnellii,Eukaryota;Animals;Mammals,1960.32,0,0,0,1
Pteropus alecto,Eukaryota;Animals;Mammals,1985.98,0,1,0,1
Pteropus vampyrus,Eukaryota;Animals;Mammals,2198.28,0,0,0,1
Puma concolor,Eukaryota;Animals;Mammals,2432.97,0,1,0,1
Rattus norvegicus,Eukaryota;Animals;Mammals,2870.18,22,1,0,8
Rhinolophus ferrumequinum,Eukaryota;Animals;Mammals,1926.44,0,0,0,1
Rhinolophus sinicus,Eukaryota;Animals;Mammals,2073.34,0,0,0,1
Rhinopithecus bieti,Eukaryota;Animals;Mammals,2977.07,0,1,0,1
Rhinopithecus roxellana,Eukaryota;Animals;Mammals,2899.55,0,1,0,1
Rousettus aegyptiacus,Eukaryota;Animals;Mammals,1910.25,0,1,0,1
Saimiri boliviensis boliviensis,Eukaryota;Animals;Mammals,2608.59,0,1,0,1
Sarcophilus harrisii,Eukaryota;Animals;Mammals,3174.69,0,0,0,2
Solenodon paradoxus,Eukaryota;Animals;Mammals,2049.42,0,0,0,1
Sorex araneus,Eukaryota;Animals;Mammals,2423.16,0,0,0,1
Sousa chinensis,Eukaryota;Animals;Mammals,2275.48,0,0,0,1
Spermophilus dauricus,Eukaryota;Animals;Mammals,3106.27,0,0,0,1
Sus scrofa,Eukaryota;Animals;Mammals,2501.91,20,1,0,16
Taxidea taxus,Eukaryota;Animals;Mammals,2416.01,0,0,0,1
Theropithecus gelada,Eukaryota;Animals;Mammals,2889.63,22,1,0,1
Trichechus manatus latirostris,Eukaryota;Animals;Mammals,3103.81,0,1,0,1
Tupaia belangeri,Eukaryota;Animals;Mammals,2137.23,0,0,0,1
Tupaia chinensis,Eukaryota;Animals;Mammals,2846.58,0,0,0,1
Tursiops aduncus,Eukaryota;Animals;Mammals,2503.93,0,0,0,1
Tursiops truncatus,Eukaryota;Animals;Mammals,2132.52,0,1,0,4
Tympanoctomys barrerae,Eukaryota;Animals;Mammals,2651.63,0,0,0,1
Urocitellus parryii,Eukaryota;Animals;Mammals,2520.51,0,0,0,1
Ursus americanus,Eukaryota;Animals;Mammals,2588.39,0,0,0,1
Ursus arctos,Eukaryota;Animals;Mammals,2328.66,0,1,0,2
Ursus maritimus,Eukaryota;Animals;Mammals,2301.38,0,1,0,1
Vicugna pacos,Eukaryota;Animals;Mammals,2172.21,0,1,0,2
Vombatus ursinus,Eukaryota;Animals;Mammals,3486.58,0,0,0,1
Vulpes vulpes,Eukaryota;Animals;Mammals,2421.57,0,1,0,1
Zalophus californianus,Eukaryota;Animals;Mammals,2372.37,0,1,0,1
Acanthaster planci,Eukaryota;Animals;Other Animals,383.86,0,1,0,3
Acartia tonsa,Eukaryota;Animals;Other Animals,989.164,0,0,0,1
Achipteria coleoptrata,Eukaryota;Animals;Other Animals,88.4439,0,0,0,1
Acropora digitifera,Eukaryota;Animals;Other Animals,447.497,0,1,0,1
Adineta ricciae,Eukaryota;Animals;Other Animals,174.494,0,0,0,2
Adineta vaga,Eukaryota;Animals;Other Animals,217.934,0,0,0,3
Amphimedon queenslandica,Eukaryota;Animals;Other Animals,166.7,0,1,0,1
Amynthas corticis,Eukaryota;Animals;Other Animals,1017.22,0,0,0,2
Anemonia viridis,Eukaryota;Animals;Other Animals,400.604,0,0,0,1
Aplysia californica,Eukaryota;Animals;Other Animals,927.31,0,1,0,1
Aplysina aerophoba,Eukaryota;Animals;Other Animals,3.03359,0,0,0,5
Apostichopus japonicus,Eukaryota;Animals;Other Animals,804.621,0,0,0,2
Apostichopus parvimensis,Eukaryota;Animals;Other Animals,873.088,0,0,0,1
Armadillidium vulgare,Eukaryota;Animals;Other Animals,15.7033,0,0,0,1
Asymmetron lucayanum,Eukaryota;Animals;Other Animals,460.59,0,0,0,1
Bankia setacea,Eukaryota;Animals;Other Animals,3.8676,0,0,0,1
Bathymodiolus platifrons,Eukaryota;Animals;Other Animals,1658.19,0,0,0,1
Beroe ovata,Eukaryota;Animals;Other Animals,193.577,0,0,0,1
Biomphalaria glabrata,Eukaryota;Animals;Other Animals,916.388,0,1,0,1
Botryllus schlosseri,Eukaryota;Animals;Other Animals,579.633,0,0,0,1
Brachionus calyciflorus,Eukaryota;Animals;Other Animals,129.626,0,0,0,1
Brachionus plicatilis,Eukaryota;Animals;Other Animals,108.499,0,0,0,1
Branchiostoma belcheri,Eukaryota;Animals;Other Animals,426.124,0,1,0,3
Branchiostoma floridae,Eukaryota;Animals;Other Animals,521.895,0,0,0,1
Branchiostoma lanceolatum,Eukaryota;Animals;Other Animals,495.286,0,0,0,1
Calanus finmarchicus,Eukaryota;Animals;Other Animals,3.58577,0,0,0,1
Calanus glacialis,Eukaryota;Animals;Other Animals,3.94111,0,0,0,1
Caligus rogercresseyi,Eukaryota;Animals;Other Animals,398.148,0,0,0,2
Calvadosia cruxmelitensis,Eukaryota;Animals;Other Animals,209.392,0,0,0,1
Capitella teleta,Eukaryota;Animals;Other Animals,333.283,0,0,0,1
Caridina multidentata,Eukaryota;Animals;Other Animals,1948.95,0,0,0,1
Cassiopea xamachana,Eukaryota;Animals;Other Animals,393.52,0,0,0,1
Centruroides sculpturatus,Eukaryota;Animals;Other Animals,925.475,0,0,0,1
Ciona intestinalis,Eukaryota;Animals;Other Animals,115.227,14,1,0,2
Ciona savignyi,Eukaryota;Animals;Other Animals,587.353,0,0,0,1
Colubraria reticulata,Eukaryota;Animals;Other Animals,67.1011,0,0,0,1
Conus tribblei,Eukaryota;Animals;Other Animals,2160.49,0,0,0,1
Corbicula fluminea,Eukaryota;Animals;Other Animals,0.662517,0,0,0,1
Cordylochernes scorpioides,Eukaryota;Animals;Other Animals,2807.11,0,0,0,1
Craspedacusta sowerbii,Eukaryota;Animals;Other Animals,673.187,0,0,0,1
Crassostrea gigas,Eukaryota;Animals;Other Animals,557.736,0,1,0,1
Crassostrea virginica,Eukaryota;Animals;Other Animals,684.741,10,1,0,1
Daphnia magna,Eukaryota;Animals;Other Animals,122.938,10,0,0,2
Daphnia pulex,Eukaryota;Animals;Other Animals,197.206,0,0,0,2
Dermatophagoides farinae,Eukaryota;Animals;Other Animals,91.9351,0,1,0,2
Dermatophagoides pteronyssinus,Eukaryota;Animals;Other Animals,70.7782,0,1,0,2
Dinothrombium tinctorium,Eukaryota;Animals;Other Animals,180.399,0,0,0,1
Dreissena polymorpha,Eukaryota;Animals;Other Animals,0.90568,0,0,0,1
Eisenia fetida,Eukaryota;Animals;Other Animals,1471.98,0,0,0,2
Elysia chlorotica,Eukaryota;Animals;Other Animals,557.48,0,0,0,1
Enteromyxum leei,Eukaryota;Animals;Other Animals,68.1635,0,8,0,1
Eriocheir sinensis,Eukaryota;Animals;Other Animals,1549.19,0,0,0,1
Eucidaris tribuloides,Eukaryota;Animals;Other Animals,2187.26,0,0,0,1
Eulimnadia texana,Eukaryota;Animals;Other Animals,120.536,0,0,0,1
Euperipatoides rowelli,Eukaryota;Animals;Other Animals,1745.16,0,0,0,1
Euroglyphus maynei,Eukaryota;Animals;Other Animals,43.4378,0,0,0,1
Eurytemora affinis,Eukaryota;Animals;Other Animals,389.032,0,0,0,1
Exaiptasia pallida,Eukaryota;Animals;Other Animals,256.132,0,0,0,1
Galendromus occidentalis,Eukaryota;Animals;Other Animals,151.724,0,1,0,1
Gavialis gangeticus,Eukaryota;Animals;Other Animals,2640.79,0,1,0,2
Haliotis rubra,Eukaryota;Animals;Other Animals,1378.27,0,0,0,1
Haliotis rufescens,Eukaryota;Animals;Other Animals,1498.7,0,1,0,1
Helobdella robusta,Eukaryota;Animals;Other Animals,235.376,0,0,0,1
Hemicentrotus pulcherrimus,Eukaryota;Animals;Other Animals,568.912,0,0,0,1
Hyalella azteca,Eukaryota;Animals;Other Animals,550.886,0,0,0,1
Hydra vulgaris,Eukaryota;Animals;Other Animals,852.171,0,2,0,2
Hydroides elegans,Eukaryota;Animals;Other Animals,1026.05,0,0,0,1
Hypochthonius rufulus,Eukaryota;Animals;Other Animals,172.365,0,0,0,1
Hypsibius dujardini,Eukaryota;Animals;Other Animals,104.155,0,0,0,3
Intoshia linei,Eukaryota;Animals;Other Animals,41.6031,0,0,0,1
Ixodes ricinus,Eukaryota;Animals;Other Animals,514.507,0,0,0,1
Ixodes scapularis,Eukaryota;Animals;Other Animals,1765.38,0,0,0,2
Kudoa iwatai,Eukaryota;Animals;Other Animals,31.1974,0,2,0,2
Latrodectus hesperus,Eukaryota;Animals;Other Animals,1233.81,0,0,0,1
Lepeophtheirus salmonis,Eukaryota;Animals;Other Animals,665.13,0,0,0,3
Lepidurus apus,Eukaryota;Animals;Other Animals,87.9701,0,0,0,1
Lepidurus arcticus,Eukaryota;Animals;Other Animals,73.1059,0,0,0,1
Leptotrombidium deliense,Eukaryota;Animals;Other Animals,117.319,0,0,0,1
Ligia exotica,Eukaryota;Animals;Other Animals,953.555,0,0,0,1
Limnoperna fortunei,Eukaryota;Animals;Other Animals,1673.22,0,0,0,1
Limulus polyphemus,Eukaryota;Animals;Other Animals,1828.27,0,1,0,1
Lingula anatina,Eukaryota;Animals;Other Animals,406.308,0,1,0,1
Lottia gigantea,Eukaryota;Animals;Other Animals,359.506,0,0,0,1
Loxosceles reclusa,Eukaryota;Animals;Other Animals,3262.48,0,0,0,1
Lymnaea stagnalis,Eukaryota;Animals;Other Animals,833.229,0,0,0,1
Lytechinus variegatus,Eukaryota;Animals;Other Animals,1061.2,0,0,0,1
Mesobuthus martensii,Eukaryota;Animals;Other Animals,925.546,0,0,0,1
Mizuhopecten yessoensis,Eukaryota;Animals;Other Animals,987.589,0,1,0,1
Mnemiopsis leidyi,Eukaryota;Animals;Other Animals,155.866,0,0,0,1
Modiolus philippinarum,Eukaryota;Animals;Other Animals,2629.56,0,0,0,1
Morbakka virulenta,Eukaryota;Animals;Other Animals,951.576,0,0,0,1
Mytilus galloprovincialis,Eukaryota;Animals;Other Animals,1500.15,0,0,0,2
Nematostella vectensis,Eukaryota;Animals;Other Animals,356.614,0,0,0,1
Nephila clavipes,Eukaryota;Animals;Other Animals,2439.3,0,0,0,1
Notospermus geniculatus,Eukaryota;Animals;Other Animals,858.599,0,0,0,1
Octopus bimaculoides,Eukaryota;Animals;Other Animals,2338.19,0,0,0,1
Octopus vulgaris,Eukaryota;Animals;Other Animals,0,0,0,0,0
Oikopleura dioica,Eukaryota;Animals;Other Animals,70.4715,0,0,0,2
Oithona nana,Eukaryota;Animals;Other Animals,85.0101,0,0,0,1
Ophionereis fasciata,Eukaryota;Animals;Other Animals,1184.53,0,0,0,1
Ophiothrix spiculata,Eukaryota;Animals;Other Animals,2764.32,0,0,0,1
Orbicella faveolata,Eukaryota;Animals;Other Animals,485.549,0,1,0,2
Palaemon carinicauda,Eukaryota;Animals;Other Animals,0,0,0,0,0
Parasteatoda tepidariorum,Eukaryota;Animals;Other Animals,1445.4,0,0,0,1
Parhyale hawaiensis,Eukaryota;Animals;Other Animals,2752.56,0,0,0,1
Patiria miniata,Eukaryota;Animals;Other Animals,811.029,0,0,0,1
Patiriella regularis,Eukaryota;Animals;Other Animals,949.333,0,0,0,1
Penaeus japonicus,Eukaryota;Animals;Other Animals,1660.27,0,0,0,1
Penaeus monodon,Eukaryota;Animals;Other Animals,1447.42,0,0,0,1
Penaeus vannamei,Eukaryota;Animals;Other Animals,1663.58,0,1,0,2
Phallusia mammillata,Eukaryota;Animals;Other Animals,233.92,0,0,0,1
Phoronis australis,Eukaryota;Animals;Other Animals,498.444,0,0,0,1
